<?xml version="1.0" encoding="UTF-8"?>
<!DOCTYPE mapper 
  PUBLIC "-//mybatis.org//DTD Mapper 3.0//EN"
  "https://mybatis.org/dtd/mybatis-3-mapper.dtd">
<mapper namespace="org.zerock.board.mapper.BoardMapper">
	<select id="list" resultType="org.zerock.board.vo.BoardVO">
		select no, title, writer, writedate, hit
		from(
			select rownum rnum, no, title, writer, writedate, hit
			from(
				select no, title, writer, writedate, hit
				from board
				order by no desc
			)
		)
		where rnum between #{startRow} and #{endRow}
	</select>
	
	<select id="view" resultType="org.zerock.board.vo.BoardVO">
		select no, title, content, writer, writeDate, hit
		from board
		where no = #{no}
	</select>
	
	<select id="getTotalRow" resultType="long">
		select count(*)
		from board
		<!--  where no = #{no} -->
	</select>
	
	<update id="increase">
	update board set hit = hit + 1
	where no = #{no}
	</update>
	
	<insert id="write">
	insert into board(no, title, content, writer, pw)
	values(board_seq.nextval, #{title}, #{content}, #{writer}, #{pw})
	</insert>
	
	<update id="update">
	update board set title= #{title}, content= #{content}, writer = #{writer}
	where no = #{no} and pw = #{pw}
	</update>
	
	<delete id="delete">
	delete from board
	where no = #{no} and pw = #{pw}
	</delete>
</mapper>