<?xml version="1.0" encoding="UTF-8"?>
<beans xmlns="http://www.springframework.org/schema/beans"
	xmlns:xsi="http://www.w3.org/2001/XMLSchema-instance"
	xmlns:context="http://www.springframework.org/schema/context"
	xmlns:mybatis-spring="http://mybatis.org/schema/mybatis-spring"
	xmlns:aop="http://www.springframework.org/schema/aop"
	xsi:schemaLocation="http://mybatis.org/schema/mybatis-spring http://mybatis.org/schema/mybatis-spring-1.2.xsd
		http://www.springframework.org/schema/beans https://www.springframework.org/schema/beans/spring-beans.xsd
		http://www.springframework.org/schema/context http://www.springframework.org/schema/context/spring-context-4.3.xsd
		http://www.springframework.org/schema/aop http://www.springframework.org/schema/aop/spring-aop-4.3.xsd">
	
	<!-- Root Context: defines shared resources visible to all other web components -->
		
	<context:annotation-config></context:annotation-config>
		
	<!-- DBCP 설정  -->
	<bean id="hikariConfig" class="com.zaxxer.hikari.HikariConfig">
		<!-- <property name="driverClassName" value="oracle.jdbc.driver.OracleDriver" />
		<property name="jdbcUrl" value="jdbc:oracle:thin:@localhost:1521/orcl" /> -->
		<property name="driverClassName" value="net.sf.log4jdbc.sql.jdbcapi.DriverSpy" />
		<property name="jdbcUrl" value="jdbc:log4jdbc:oracle:thin:@localhost:1521/orcl" />
		<property name="username" value="java" />
		<property name="password" value="oracle" />
	</bean>
		
	<!-- DB 연결 객체 생성 : 설정 객체를 가져다가 설정한다.  -->
	<bean id="dataSource" class="com.zaxxer.hikari.HikariDataSource" destroy-method="close">
		<constructor-arg ref="hikariConfig" />
	</bean>
	
	<!-- MyBatis 객체 생성해서 실행하도록 한다.  -->
	<bean id="sqlSessionFactory" class="org.mybatis.spring.SqlSessionFactoryBean">
		<property name="dataSource" ref="dataSource" />
	</bean>
	
	<mybatis-spring:scan base-package="org.zerock"/>
	
	<context:component-scan base-package="org.zerock" />
	
	<aop:aspectj-autoproxy />
	
</beans>
