<?xml version="1.0" encoding="UTF-8"?>
<!DOCTYPE mapper 
  PUBLIC "-//mybatis.org//DTD Mapper 3.0//EN"
  "https://mybatis.org/dtd/mybatis-3-mapper.dtd">
<mapper namespace="org.zerock.boardreply.mapper.BoardReplyMapper">

	<select id="list" resultType="org.zerock.boardreply.vo.BoardReplyVO">
	select rno, reply, replyer, replyDate, updateDate
	from(
	    select rownum rnum, rno, reply, replyer, replyDate, updateDate
	    from(
	        select rno, reply, replyer, replyDate, updateDate
	        from board_reply
	        where bno = #{bno}
	        order by rno desc
	    )
	)
	<!-- map = no + pageObject  -->
	where rnum between #{pageObject.startRow} and #{pageObject.endRow}
	</select>
	
	<select id="getTotalRow" resultType="Long">
	select count(*)
	from board_reply
	where bno = #{bno}
	</select>
	
	<insert id="write">
	insert into board_reply(rno, bno, reply, replyer)
	values(board_reply_seq.nextval, #{bno}, #{reply}, #{replyer})
	</insert>

	<update id="update">
	update board_reply set reply = #{reply}
	where rno = #{rno}
	</update>

	<delete id="delete">
	delete from board_reply
	where rno = #{rno}
	</delete>
	
</mapper>